"","Gene Set","P Value  0","P Value  1","P Value  2","P Value  3","P Value  4","P Value  5","P Value  6","P Value  7","P Value  8","P Value  9","P Value  10","P Value  11","P Value  12","P Value  13","P Value  14","P Value  15","P Value  16","P Value  17","Fold Change  0","Fold Change  1","Fold Change  2","Fold Change  3","Fold Change  4","Fold Change  5","Fold Change  6","Fold Change  7","Fold Change  8","Fold Change  9","Fold Change  10","Fold Change  11","Fold Change  12","Fold Change  13","Fold Change  14","Fold Change  15","Fold Change  16","Fold Change  17"
"Ovary_dm_33159074_Rust","0 MB 2-5","4.18e-7","-","7.56e-4","1.61e-1","8.12e-5","1.61e-1","3.88e-8","-","-","-","-","5.73e-7","-","-","-","-","1.61e-1","-","11.6108","-","6.9665","2.7866","8.3598","2.7866","12.5397","-","-","-","-","11.1464","-","-","-","-","2.7866","-"
"Ovary_dm_33159074_Rust","1 ant./cent. MB 5-6","3.87e-4","-","2.68e-2","-","3.98e-3","-","4.67e-4","-","-","-","3.98e-3","3.98e-3","-","2.68e-2","-","-","4.49e-5","-","8.0631","-","4.6443","-","6.1924","-","7.7406","-","-","-","6.1924","6.1924","-","4.6443","-","-","9.2887","-"
"Ovary_dm_FCAvs2_10x","16-cell germline cyst in germarium region 2a and 2b","-","-","2.55e-13","-","1.61e-1","1.00e-25","3.51e-2","-","-","-","-","-","-","-","-","-","-","-","-","-","18.1129","-","2.7866","54.3387","4.1799","-","-","-","-","-","-","-","-","-","-","-"
"Ovary_dm_33159074_Rust","2.0 cent. MB 6-7","-","-","-","-","-","-","-","-","-","-","1.22e-6","-","-","-","-","-","9.25e-4","-","-","-","-","-","-","-","-","-","-","-","25.8019","-","-","-","-","-","15.4811","-"
"Ovary_dm_33159074_Rust","2.1.0 border cell","6.46e-5","-","-","1.61e-1","5.78e-3","-","-","-","-","1.61e-1","2.55e-13","-","3.51e-2","3.51e-2","1.61e-1","3.51e-2","3.58e-16","-","8.7081","-","-","2.7866","5.5732","-","-","-","-","2.7866","18.1129","-","4.1799","4.1799","2.7866","4.1799","20.8995","-"
"Ovary_dm_33159074_Rust","2.1.0 stretch cell 6-7","8.86e-8","-","-","-","-","-","-","-","-","3.03e-4","1.36e-11","1.17e-1","1.17e-1","2.11e-2","2.11e-2","1.17e-1","1.36e-11","1.17e-1","14.1596","-","-","-","-","-","-","-","-","8.4957","18.6906","3.3983","3.3983","5.0974","5.0974","3.3983","18.6906","3.3983"
"Ovary_dm_33159074_Rust","2.1.1 stretch cell 8+","3.17e-2","5.78e-3","-","-","-","-","-","1.61e-1","1.61e-1","7.56e-4","2.32e-9","1.61e-1","-","5.78e-3","3.51e-2","-","1.00e-25","8.12e-5","4.3541","5.5732","-","-","-","-","-","2.7866","2.7866","6.9665","13.933","2.7866","-","5.5732","4.1799","-","30.6526","8.3598"
"Ovary_dm_33159074_Rust","2.2.0 cent. MB 8","-","1.61e-1","-","-","-","-","-","-","1.61e-1","-","2.55e-13","-","-","3.51e-2","1.61e-1","3.51e-2","5.73e-7","-","-","2.7866","-","-","-","-","-","-","2.7866","-","18.1129","-","-","4.1799","2.7866","4.1799","11.1464","-"
"Ovary_dm_33159074_Rust","2.2.1 MB 9+","1.51e-1","7.56e-4","-","-","-","-","-","1.61e-1","5.78e-3","3.51e-2","5.73e-7","-","-","5.73e-7","1.61e-1","1.61e-1","7.36e-6","-","2.9027","6.9665","-","-","-","-","-","2.7866","5.5732","4.1799","11.1464","-","-","11.1464","2.7866","2.7866","9.7531","-"
"Ovary_dm_33159074_Rust","2.2.2 hemocyte","3.17e-2","5.78e-3","-","3.51e-2","1.61e-1","-","-","1.61e-1","1.61e-1","7.56e-4","-","-","-","7.36e-6","7.56e-4","-","7.56e-4","5.78e-3","4.3541","5.5732","-","4.1799","2.7866","-","-","2.7866","2.7866","6.9665","-","-","-","9.7531","6.9665","-","6.9665","5.5732"
"Ovary_dm_33159074_Rust","2.2.3 post. MB 8","-","-","-","-","-","-","-","-","-","-","2.32e-9","-","-","-","-","3.51e-2","7.56e-4","-","-","-","-","-","-","-","-","-","-","-","13.933","-","-","-","-","4.1799","6.9665","-"
"Ovary_dm_33159074_Rust","2.3.0 post. MB 5-6","4.98e-18","7.22e-4","1.58e-1","1.58e-1","6.88e-6","-","1.58e-1","-","7.22e-4","7.22e-4","3.06e-16","-","1.58e-1","5.58e-3","7.22e-4","5.58e-3","6.88e-6","3.42e-2","23.4562","7.0369","2.8147","2.8147","9.8516","-","2.8147","-","7.0369","7.0369","21.1106","-","2.8147","5.6295","7.0369","5.6295","9.8516","4.2221"
"Ovary_dm_33159074_Rust","2.3.1 post. MB 7","1.96e-13","-","-","6.70e-2","6.34e-5","-","-","-","8.72e-3","-","7.14e-20","-","6.70e-2","-","6.70e-2","8.40e-4","6.70e-2","6.70e-2","27.0591","-","-","4.7231","11.8076","-","-","-","7.0846","-","35.4229","-","4.7231","-","4.7231","9.4461","4.7231","4.7231"
"Ovary_dm_33159074_Rust","3.0.0 late pFC","1.89e-16","-","3.51e-2","5.78e-3","3.53e-19","1.61e-1","8.12e-5","-","-","-","7.56e-4","5.78e-3","-","5.78e-3","5.78e-3","-","1.61e-1","7.56e-4","21.7703","-","4.1799","5.5732","23.6861","2.7866","8.3598","-","-","-","6.9665","5.5732","-","5.5732","5.5732","-","2.7866","6.9665"
"Ovary_dm_33159074_Rust","3.0.1 early pFC","5.55e-15","1.61e-1","3.51e-2","7.56e-4","2.52e-22","3.51e-2","7.56e-4","1.61e-1","-","-","5.78e-3","3.51e-2","-","3.51e-2","-","-","5.78e-3","7.56e-4","20.319","2.7866","4.1799","6.9665","26.4727","4.1799","6.9665","2.7866","-","-","5.5732","4.1799","-","4.1799","-","-","5.5732","6.9665"
"Ovary_dm_33159074_Rust","3.0.1 FSC","3.60e-12","-","-","7.36e-6","1.00e-25","1.61e-1","1.61e-1","3.51e-2","1.61e-1","1.61e-1","5.78e-3","-","3.51e-2","3.51e-2","1.61e-1","-","5.73e-7","8.12e-5","17.4163","-","-","9.7531","30.6526","2.7866","2.7866","4.1799","2.7866","2.7866","5.5732","-","4.1799","4.1799","2.7866","-","11.1464","8.3598"
"Ovary_dm_33159074_Rust","3.1.0 post. EC","7.90e-11","1.61e-1","1.61e-1","7.36e-6","2.52e-22","1.61e-1","1.61e-1","5.78e-3","-","7.56e-4","3.51e-2","-","3.51e-2","5.78e-3","1.61e-1","-","8.12e-5","5.78e-3","15.9649","2.7866","2.7866","9.7531","26.4727","2.7866","2.7866","5.5732","-","6.9665","4.1799","-","4.1799","5.5732","2.7866","-","8.3598","5.5732"
"Ovary_dm_33159074_Rust","3.1.1 cent. EC","5.61e-6","-","1.61e-1","5.78e-3","2.55e-13","-","-","1.61e-1","1.61e-1","8.12e-5","5.78e-3","1.61e-1","-","5.78e-3","-","-","8.12e-5","8.12e-5","10.1595","-","2.7866","5.5732","18.1129","-","-","2.7866","2.7866","8.3598","5.5732","2.7866","-","5.5732","-","-","8.3598","8.3598"
"Ovary_dm_33159074_Rust","3.1.2.0 ant. EC","6.46e-5","-","1.61e-1","3.51e-2","1.17e-17","-","-","1.61e-1","-","7.56e-4","5.78e-3","1.61e-1","-","5.78e-3","-","-","7.36e-6","5.78e-3","8.7081","-","2.7866","4.1799","22.2928","-","-","2.7866","-","6.9665","5.5732","2.7866","-","5.5732","-","-","9.7531","5.5732"
"Ovary_dm_33159074_Rust","3.1.2.1 cap cell","5.61e-6","3.51e-2","-","-","3.58e-16","-","-","1.61e-1","-","7.36e-6","-","-","1.61e-1","7.36e-6","5.78e-3","-","1.61e-1","5.78e-3","10.1595","4.1799","-","-","20.8995","-","-","2.7866","-","9.7531","-","-","2.7866","9.7531","5.5732","-","2.7866","5.5732"
"Ovary_dm_33159074_Rust","3.1.2.1 TF","6.28e-4","5.78e-3","-","3.51e-2","2.55e-13","-","-","5.78e-3","1.61e-1","7.56e-4","5.78e-3","-","1.61e-1","3.88e-8","7.56e-4","-","5.78e-3","2.32e-9","7.2568","5.5732","-","4.1799","18.1129","-","-","5.5732","2.7866","6.9665","5.5732","-","2.7866","12.5397","6.9665","-","5.5732","13.933"
"Ovary_dm_33159074_Rust","3.2.0 stalk cell","1.48e-13","-","1.61e-1","8.12e-5","1.00e-25","1.61e-1","1.61e-1","-","1.61e-1","5.78e-3","7.36e-6","-","5.78e-3","8.12e-5","7.56e-4","-","7.56e-4","3.88e-8","18.8676","-","2.7866","8.3598","32.0459","2.7866","2.7866","-","2.7866","5.5732","9.7531","-","5.5732","8.3598","6.9665","-","6.9665","12.5397"
"Ovary_dm_33159074_Rust","3.2.1 polar cell","5.55e-15","-","-","3.51e-2","2.52e-22","-","1.61e-1","1.61e-1","-","7.56e-4","5.73e-7","-","1.61e-1","7.36e-6","1.61e-1","8.12e-5","7.56e-4","7.56e-4","20.319","-","-","4.1799","26.4727","-","2.7866","2.7866","-","6.9665","11.1464","-","2.7866","9.7531","2.7866","8.3598","6.9665","6.9665"
"Ovary_dm_33159074_Rust","4.0 GSC","-","-","3.51e-2","-","-","8.12e-5","5.78e-3","-","-","-","-","-","-","-","-","-","-","-","-","-","4.1799","-","-","8.3598","5.5732","-","-","-","-","-","-","-","-","-","-","-"
"Ovary_dm_33159074_Rust","4.0 undif. germ cel","-","-","3.51e-2","-","-","8.12e-5","5.78e-3","-","-","-","-","7.56e-4","-","-","-","-","-","-","-","-","4.1799","-","-","8.3598","5.5732","-","-","-","-","6.9665","-","-","-","-","-","-"
"Ovary_dm_33159074_Rust","4.1 older germ cell","-","-","2.32e-9","-","-","5.73e-7","1.23e-10","-","-","-","-","5.73e-7","-","-","-","-","1.61e-1","-","-","-","13.933","-","-","11.1464","15.3263","-","-","-","-","11.1464","-","-","-","-","2.7866","-"
"Ovary_dm_33159074_Rust","5 muscle cell","1.51e-1","-","-","-","7.56e-4","1.61e-1","-","2.52e-22","3.51e-2","3.88e-8","3.51e-2","-","-","5.73e-7","5.73e-7","3.51e-2","-","1.23e-10","2.9027","-","-","-","6.9665","2.7866","-","26.4727","4.1799","12.5397","4.1799","-","-","11.1464","11.1464","4.1799","-","15.3263"
"Ovary_dm_32339165_Jevitt","Adipocytes","3.17e-2","3.51e-2","-","-","-","-","-","1.61e-1","5.78e-3","3.51e-2","1.61e-1","-","-","3.88e-8","7.56e-4","-","1.61e-1","3.51e-2","4.3541","4.1799","-","-","-","-","-","2.7866","5.5732","4.1799","2.7866","-","-","12.5397","6.9665","-","2.7866","4.1799"
"Ovary_dm_FCAvs2_10x","adult tracheal cell","-","7.56e-4","-","-","5.73e-7","8.12e-5","3.51e-2","1.00e-25","5.78e-3","8.12e-5","-","-","-","8.12e-5","5.78e-3","3.51e-2","7.56e-4","7.36e-6","-","6.9665","-","-","11.1464","8.3598","4.1799","32.0459","5.5732","8.3598","-","-","-","8.3598","5.5732","4.1799","6.9665","9.7531"
"Ovary_dm_FCAvs2_10x","artefact","-","-","1.00e-25","-","-","-","1.00e-25","-","-","-","-","1.00e-25","-","-","-","-","-","-","-","-","37.6191","-","-","-","39.0124","-","-","-","-","48.7655","-","-","-","-","-","-"
"Ovary_dm_31919193_Slaidina","CC","6.46e-5","3.51e-2","3.51e-2","5.78e-3","2.32e-9","-","-","-","7.56e-4","8.12e-5","7.56e-4","-","5.78e-3","5.78e-3","-","-","5.78e-3","1.61e-1","8.7081","4.1799","4.1799","5.5732","13.933","-","-","-","6.9665","8.3598","6.9665","-","5.5732","5.5732","-","-","5.5732","2.7866"
"Ovary_dm_FCAvs2_10x","central main body follicle cell ca. St. 6-8","1.00e-25","3.51e-2","-","1.61e-1","5.78e-3","-","-","-","1.61e-1","-","1.00e-25","-","1.61e-1","-","-","3.51e-2","5.92e-12","-","30.4784","4.1799","-","2.7866","5.5732","-","-","-","2.7866","-","30.6526","-","2.7866","-","-","4.1799","16.7196","-"
"Ovary_dm_32339165_Jevitt","Centripetal and Border Cells","-","-","-","-","1.61e-1","-","-","-","-","3.51e-2","2.32e-9","-","1.61e-1","1.61e-1","-","-","1.00e-25","8.12e-5","-","-","-","-","2.7866","-","-","-","-","4.1799","13.933","-","2.7866","2.7866","-","-","32.0459","8.3598"
"Ovary_dm_FCAvs2_10x","choriogenic main body follicle cell and corpus luteum","-","1.32e-25","-","-","-","-","-","1.61e-1","3.58e-16","1.00e-25","-","-","-","1.00e-25","1.00e-25","-","-","1.61e-1","-","29.2593","-","-","-","-","-","2.7866","20.8995","71.0583","-","-","-","58.5186","69.665","-","-","2.7866"
"Ovary_dm_FCAvs2_10x","choriogenic main body follicle cell St. 12","1.51e-1","5.78e-3","-","1.00e-25","1.61e-1","-","-","-","1.23e-10","5.78e-3","1.61e-1","-","1.00e-25","-","3.51e-2","1.00e-25","3.51e-2","-","2.9027","5.5732","-","44.5856","2.7866","-","-","-","15.3263","5.5732","2.7866","-","94.7444","-","4.1799","45.9789","4.1799","-"
"Ovary_dm_FCAvs2_10x","choriogenic main body follicle cell St. 14","1.51e-1","1.00e-25","-","-","-","-","-","5.78e-3","1.00e-25","9.81e-21","1.61e-1","-","5.73e-7","5.73e-7","1.00e-25","3.51e-2","-","5.78e-3","2.9027","34.8325","-","-","-","-","-","5.5732","105.8908","25.0794","2.7866","-","11.1464","11.1464","37.6191","4.1799","-","5.5732"
"Ovary_dm_32339165_Jevitt","Choriogenic MBFCs (Stg. 10B)","6.28e-4","3.51e-2","-","5.73e-7","3.51e-2","-","-","1.61e-1","7.56e-4","7.36e-6","1.00e-14","-","2.32e-9","1.61e-1","5.78e-3","1.00e-25","5.78e-3","3.51e-2","7.2568","4.1799","-","11.1464","4.1799","-","-","2.7866","6.9665","9.7531","19.5062","-","13.933","2.7866","5.5732","51.5521","5.5732","4.1799"
"Ovary_dm_32339165_Jevitt","Choriogenic MBFCs (Stg. 12)","5.01e-3","3.51e-2","-","2.52e-22","1.61e-1","-","-","5.78e-3","5.92e-12","5.78e-3","8.12e-5","-","1.00e-25","7.56e-4","3.51e-2","1.00e-25","1.61e-1","-","5.8054","4.1799","-","26.4727","2.7866","-","-","5.5732","16.7196","5.5732","8.3598","-","57.1253","6.9665","4.1799","50.1588","2.7866","-"
"Ovary_dm_32339165_Jevitt","Choriogenic MBFCs (Stg. 14) 1","-","4.67e-24","-","-","-","-","-","5.92e-2","1.00e-25","5.12e-12","-","-","4.50e-5","1.36e-13","4.67e-24","-","-","-","-","43.0656","-","-","-","-","-","5.0665","75.9982","25.3327","-","-","12.6664","27.866","43.0656","-","-","-"
"Ovary_dm_32339165_Jevitt","Choriogenic MBFCs (Stg. 14) 2","-","3.88e-8","-","1.61e-1","1.61e-1","-","-","2.32e-9","1.23e-10","1.00e-25","-","-","3.51e-2","1.00e-25","1.00e-25","7.56e-4","-","1.61e-1","-","12.5397","-","2.7866","2.7866","-","-","13.933","15.3263","54.3387","-","-","4.1799","33.4392","37.6191","6.9665","-","2.7866"
"Ovary_dm_32339165_Jevitt","Dorsal Appendage Forming Follicle","5.01e-3","7.56e-4","-","1.00e-25","1.61e-1","-","-","3.51e-2","7.56e-4","5.73e-7","5.78e-3","-","1.00e-25","8.12e-5","3.51e-2","1.00e-25","1.61e-1","5.78e-3","5.8054","6.9665","-","34.8325","2.7866","-","-","4.1799","6.9665","11.1464","5.5732","-","30.6526","8.3598","4.1799","50.1588","2.7866","5.5732"
"Ovary_dm_FCAvs2_10x","dorsal appendage forming follicle cell","6.46e-5","1.00e-25","-","1.00e-25","8.12e-5","-","-","-","2.52e-22","7.36e-6","-","-","1.00e-25","-","3.51e-2","1.23e-10","3.51e-2","1.61e-1","8.7081","50.1588","-","64.0918","8.3598","-","-","-","26.4727","9.7531","-","-","47.3722","-","4.1799","15.3263","4.1799","2.7866"
"Ovary_dm_FCAvs2_10x","escort cell","1.48e-13","-","1.61e-1","3.88e-8","1.00e-25","7.56e-4","3.51e-2","-","-","-","5.78e-3","-","3.51e-2","-","3.51e-2","3.51e-2","7.36e-6","3.51e-2","18.8676","-","2.7866","12.5397","62.6985","6.9665","4.1799","-","-","-","5.5732","-","4.1799","-","4.1799","4.1799","9.7531","4.1799"
"Ovary_dm_FCAvs2_10x","follicle stem cell and prefollicle cell","1.00e-25","1.61e-1","-","7.36e-6","1.00e-25","1.61e-1","-","-","1.61e-1","-","3.88e-8","-","-","1.61e-1","3.51e-2","1.61e-1","5.73e-7","8.12e-5","44.992","2.7866","-","9.7531","73.8449","2.7866","-","-","2.7866","-","12.5397","-","-","2.7866","4.1799","2.7866","11.1464","8.3598"
"Ovary_dm_32339165_Jevitt","FSC/pre-Follicle Cells","3.60e-12","-","5.78e-3","3.51e-2","1.17e-17","3.51e-2","7.56e-4","-","-","-","3.51e-2","1.61e-1","-","1.61e-1","1.61e-1","-","1.61e-1","8.12e-5","17.4163","-","5.5732","4.1799","22.2928","4.1799","6.9665","-","-","-","4.1799","2.7866","-","2.7866","2.7866","-","2.7866","8.3598"
"Ovary_dm_31919193_Slaidina","FSCP","2.71e-8","-","-","1.61e-1","8.12e-5","-","-","3.51e-2","1.61e-1","-","8.12e-5","-","1.61e-1","-","-","-","5.78e-3","3.51e-2","13.0622","-","-","2.7866","8.3598","-","-","4.1799","2.7866","-","8.3598","-","2.7866","-","-","-","5.5732","4.1799"
"Ovary_dm_31919193_Slaidina","GC","-","-","8.12e-5","-","-","5.73e-7","2.32e-9","-","-","-","-","7.36e-6","-","-","-","-","-","-","-","-","8.3598","-","-","11.1464","13.933","-","-","-","-","9.7531","-","-","-","-","-","-"
"Ovary_dm_FCAvs2_10x","germ cell stage 4 and later","-","-","2.55e-13","-","-","1.23e-10","1.00e-25","-","-","-","-","2.32e-9","-","-","-","-","-","-","-","-","18.1129","-","-","15.3263","40.4057","-","-","-","-","13.933","-","-","-","-","-","-"
"Ovary_dm_32339165_Jevitt","Germline 1","-","-","7.36e-6","-","-","7.56e-4","2.32e-9","-","-","-","-","1.23e-10","-","-","-","-","-","-","-","-","9.7531","-","-","6.9665","13.933","-","-","-","-","15.3263","-","-","-","-","-","-"
"Ovary_dm_32339165_Jevitt","Germline 2","-","-","1.00e-25","-","-","5.78e-3","1.00e-25","-","3.51e-2","-","-","1.00e-25","-","-","-","-","-","-","-","-","34.8325","-","-","5.5732","41.799","-","4.1799","-","-","40.4057","-","-","-","-","-","-"
"Ovary_dm_FCAvs2_10x","germline cell, unknown stage","-","-","3.53e-19","-","-","5.78e-3","1.00e-25","-","-","-","-","2.55e-13","-","-","-","-","-","-","-","-","23.6861","-","-","5.5732","43.1923","-","-","-","-","18.1129","-","-","-","-","-","-"
"Ovary_dm_32339165_Jevitt","Hemocytes","-","-","-","-","1.61e-1","-","-","5.73e-7","-","3.51e-2","-","-","-","1.61e-1","-","-","1.61e-1","1.23e-10","-","-","-","-","2.7866","-","-","11.1464","-","4.1799","-","-","-","2.7866","-","-","2.7866","15.3263"
"Ovary_dm_31919193_Slaidina","IC","6.46e-5","3.51e-2","1.61e-1","1.61e-1","3.88e-8","-","1.61e-1","3.51e-2","3.51e-2","3.51e-2","8.12e-5","-","3.51e-2","-","-","-","5.78e-3","1.61e-1","8.7081","4.1799","2.7866","2.7866","12.5397","-","2.7866","4.1799","4.1799","4.1799","8.3598","-","4.1799","-","-","-","5.5732","2.7866"
"Ovary_dm_FCAvs2_10x","main body follicle cell ca. until St. 5","1.00e-25","-","-","7.56e-4","1.32e-25","-","-","-","-","-","7.36e-6","-","1.61e-1","-","-","1.61e-1","5.73e-7","-","55.1515","-","-","6.9665","29.2593","-","-","-","-","-","9.7531","-","2.7866","-","-","2.7866","11.1464","-"
"Ovary_dm_32339165_Jevitt","Main Body-Derived Corpus Luteum","1.51e-1","1.23e-10","-","1.61e-1","1.61e-1","-","-","5.78e-3","5.73e-7","1.00e-25","-","-","1.61e-1","1.00e-25","9.81e-21","5.78e-3","1.61e-1","8.12e-5","2.9027","15.3263","-","2.7866","2.7866","-","-","5.5732","11.1464","44.5856","-","-","2.7866","51.5521","25.0794","5.5732","2.7866","8.3598"
"Ovary_dm_32339165_Jevitt","Mitotic Follicle(Stg. 1-5)","2.75e-5","-","3.47e-5","-","3.38e-3","1.26e-1","1.77e-7","-","-","-","-","1.02e-8","-","-","-","-","-","-","10.1257","-","9.7207","-","6.4805","3.2402","12.9609","-","-","-","-","14.581","-","-","-","-","-","-"
"Ovary_dm_32339165_Jevitt","Muscle Sheath","5.19e-3","-","-","-","5.18e-2","-","-","-","-","-","5.18e-2","-","-","-","-","-","-","5.18e-2","8.5374","-","-","-","5.4639","-","-","-","-","-","5.4639","-","-","-","-","-","-","5.4639"
"Ovary_dm_FCAvs2_10x","ovarian sheath muscle","-","-","1.61e-1","-","3.51e-2","7.36e-6","-","2.32e-9","1.61e-1","3.51e-2","-","-","-","3.51e-2","3.51e-2","-","-","3.88e-8","-","-","2.7866","-","4.1799","9.7531","-","13.933","2.7866","4.1799","-","-","-","4.1799","4.1799","-","-","12.5397"
"Ovary_dm_FCAvs2_10x","oviduct","-","-","-","-","-","1.61e-1","-","1.00e-25","7.56e-4","3.51e-2","-","-","-","-","8.12e-5","-","-","1.00e-25","-","-","-","-","-","2.7866","-","75.2382","6.9665","4.1799","-","-","-","-","8.3598","-","-","64.0918"
"Ovary_dm_32339165_Jevitt","Oviduct cells","1.48e-1","1.58e-1","-","-","1.58e-1","-","-","1.00e-25","7.68e-5","8.66e-15","-","-","-","1.10e-10","2.23e-13","7.68e-5","1.58e-1","4.82e-24","2.932","2.8147","-","-","2.8147","-","-","45.036","8.4442","19.7032","-","-","-","15.4811","18.2959","8.4442","2.8147","28.1475"
"Ovary_dm_32339165_Jevitt","Polar Cells","7.90e-11","-","3.51e-2","3.51e-2","1.17e-17","-","3.51e-2","-","-","1.61e-1","1.23e-10","-","3.51e-2","1.61e-1","-","-","5.78e-3","5.78e-3","15.9649","-","4.1799","4.1799","22.2928","-","4.1799","-","-","2.7866","15.3263","-","4.1799","2.7866","-","-","5.5732","5.5732"
"Ovary_dm_FCAvs2_10x","polar follicle cell","1.00e-25","3.51e-2","-","7.56e-4","1.00e-25","-","-","-","-","3.51e-2","5.92e-12","-","1.61e-1","5.78e-3","3.51e-2","8.12e-5","8.12e-5","8.12e-5","31.9298","4.1799","-","6.9665","45.9789","-","-","-","-","4.1799","16.7196","-","2.7866","5.5732","4.1799","8.3598","8.3598","8.3598"
"Ovary_dm_FCAvs2_10x","post-mitotic endocycling nurse cell","-","-","3.58e-16","-","-","2.52e-22","1.00e-25","-","-","-","-","1.23e-10","-","-","-","-","-","-","-","-","20.8995","-","-","26.4727","45.9789","-","-","-","-","15.3263","-","-","-","-","-","-"
"Ovary_dm_FCAvs2_10x","post-mitotic germ cell early 16-cell cyst","-","-","7.56e-4","-","-","2.32e-9","2.52e-22","-","-","-","-","7.56e-4","-","-","-","-","-","-","-","-","6.9665","-","-","13.933","26.4727","-","-","-","-","6.9665","-","-","-","-","-","-"
"Ovary_dm_FCAvs2_10x","posterior terminal follicle cell ca. St. 5-8","1.09e-22","3.51e-2","-","1.61e-1","2.32e-9","-","-","-","3.51e-2","-","1.00e-25","-","-","-","-","5.78e-3","5.92e-12","1.61e-1","27.5757","4.1799","-","2.7866","13.933","-","-","-","4.1799","-","55.732","-","-","-","-","5.5732","16.7196","2.7866"
"Ovary_dm_31919193_Slaidina","SH","7.07e-11","1.58e-1","1.58e-1","1.58e-1","8.09e-21","1.58e-1","-","1.58e-1","1.58e-1","6.88e-6","2.10e-9","-","-","5.30e-7","7.22e-4","-","1.10e-10","5.30e-7","16.1262","2.8147","2.8147","2.8147","25.3327","2.8147","-","2.8147","2.8147","9.8516","14.0737","-","-","11.259","7.0369","-","15.4811","11.259"
"Ovary_dm_32339165_Jevitt","Somatic Cells in the Germarium","1.55e-9","1.61e-1","1.61e-1","8.12e-5","2.52e-22","3.51e-2","7.56e-4","-","1.61e-1","3.51e-2","7.56e-4","3.51e-2","1.61e-1","1.61e-1","-","-","8.12e-5","3.51e-2","14.5135","2.7866","2.7866","8.3598","26.4727","4.1799","6.9665","-","2.7866","4.1799","6.9665","4.1799","2.7866","2.7866","-","-","8.3598","4.1799"
"Ovary_dm_32339165_Jevitt","Stalk Cels","3.60e-12","7.56e-4","1.61e-1","5.78e-3","1.17e-17","1.61e-1","3.51e-2","5.78e-3","3.51e-2","7.56e-4","8.12e-5","-","3.51e-2","8.12e-5","5.78e-3","-","1.61e-1","8.12e-5","17.4163","6.9665","2.7866","5.5732","22.2928","2.7866","4.1799","5.5732","4.1799","6.9665","8.3598","-","4.1799","8.3598","5.5732","-","2.7866","8.3598"
"Ovary_dm_FCAvs2_10x","stalk follicle cell","7.90e-11","7.36e-6","-","7.36e-6","1.00e-25","5.78e-3","3.51e-2","3.51e-2","5.78e-3","8.12e-5","5.78e-3","-","8.12e-5","7.56e-4","8.12e-5","1.61e-1","1.61e-1","3.88e-8","15.9649","9.7531","-","9.7531","48.7655","5.5732","4.1799","4.1799","5.5732","8.3598","5.5732","-","8.3598","6.9665","8.3598","2.7866","2.7866","12.5397"
"Ovary_dm_FCAvs2_10x","stretch follicle cell","2.71e-8","1.61e-1","-","1.61e-1","8.12e-5","-","-","-","-","5.78e-3","1.00e-14","-","5.78e-3","1.61e-1","5.78e-3","-","1.00e-25","7.56e-4","13.0622","2.7866","-","2.7866","8.3598","-","-","-","-","5.5732","19.5062","-","5.5732","2.7866","5.5732","-","89.1712","6.9665"
"Ovary_dm_32339165_Jevitt","Stretched Cells 1","5.01e-3","-","-","1.61e-1","-","-","-","-","-","3.51e-2","8.12e-5","1.61e-1","-","-","1.61e-1","-","1.00e-25","5.78e-3","5.8054","-","-","2.7866","-","-","-","-","-","4.1799","8.3598","2.7866","-","-","2.7866","-","34.8325","5.5732"
"Ovary_dm_32339165_Jevitt","Stretched Cells 2","4.83e-3","-","-","1.58e-1","1.58e-1","-","-","-","-","5.58e-3","7.68e-5","3.42e-2","3.42e-2","1.58e-1","7.22e-4","-","1.00e-25","7.68e-5","5.8641","-","-","2.8147","2.8147","-","-","-","-","5.6295","8.4442","4.2221","4.2221","2.8147","7.0369","-","35.1843","8.4442"
"Ovary_dm_32339165_Jevitt","Stretched Cells 3","1.51e-1","3.51e-2","-","3.51e-2","3.51e-2","-","-","5.78e-3","-","8.12e-5","5.78e-3","-","1.61e-1","8.12e-5","3.51e-2","-","3.88e-8","7.56e-4","2.9027","4.1799","-","4.1799","4.1799","-","-","5.5732","-","8.3598","5.5732","-","2.7866","8.3598","4.1799","-","12.5397","6.9665"
"Ovary_dm_31919193_Slaidina","SW","4.18e-7","3.51e-2","5.78e-3","1.61e-1","7.56e-4","1.61e-1","8.12e-5","3.51e-2","-","1.61e-1","3.51e-2","7.56e-4","-","-","1.61e-1","-","7.36e-6","5.73e-7","11.6108","4.1799","5.5732","2.7866","6.9665","2.7866","8.3598","4.1799","-","2.7866","4.1799","6.9665","-","-","2.7866","-","9.7531","11.1464"
"Ovary_dm_32339165_Jevitt","Terminal Corpus Luteum Cells 1","1.51e-1","5.78e-3","-","7.56e-4","7.56e-4","-","1.61e-1","1.61e-1","1.61e-1","1.17e-17","-","-","-","9.81e-21","7.36e-6","1.61e-1","7.56e-4","1.23e-10","2.9027","5.5732","-","6.9665","6.9665","-","2.7866","2.7866","2.7866","22.2928","-","-","-","25.0794","9.7531","2.7866","6.9665","15.3263"
"Ovary_dm_32339165_Jevitt","Terminal Corpus Luteum Cells 2","2.28e-2","1.25e-8","-","-","1.31e-1","-","-","1.31e-1","1.31e-1","3.00e-11","1.31e-1","-","1.31e-1","1.00e-25","3.95e-5","2.53e-2","-","4.21e-4","4.9478","14.2497","-","-","3.1666","-","-","3.1666","3.1666","17.4163","3.1666","-","3.1666","37.9991","9.4998","4.7499","-","7.9165"
"Ovary_dm_32339165_Jevitt","Terminal Follicle Cells","1.95e-3","-","-","-","-","-","-","-","-","1.05e-1","1.84e-5","2.26e-4","-","-","-","-","1.09e-24","1.78e-2","7.5395","-","-","-","-","-","-","-","-","3.619","10.8569","9.0474","-","-","-","-","34.3801","5.4284"
"Ovary_dm_31919193_Slaidina","TF","2.71e-8","-","1.61e-1","8.12e-5","2.55e-13","-","-","5.78e-3","3.51e-2","5.78e-3","7.56e-4","-","5.78e-3","5.73e-7","5.78e-3","1.61e-1","8.12e-5","7.56e-4","13.0622","-","2.7866","8.3598","18.1129","-","-","5.5732","4.1799","5.5732","6.9665","-","5.5732","11.1464","5.5732","2.7866","8.3598","6.9665"
"Ovary_dm_32339165_Jevitt","Vitellogenic MBFCs (Stg. 8) 1","-","-","-","-","-","-","-","-","-","-","3.21e-3","-","-","-","-","-","-","-","-","-","-","-","-","-","-","-","-","-","23.2217","-","-","-","-","-","-","-"
"Ovary_dm_32339165_Jevitt","Vitellogenic MBFCs (Stg. 8) 2","-","-","8.99e-2","-","-","-","8.99e-2","-","-","-","1.44e-4","1.44e-4","-","-","-","-","8.99e-2","-","-","-","3.9809","-","-","-","3.9809","-","-","-","9.9521","9.9521","-","-","-","-","3.9809","-"
"Ovary_dm_32339165_Jevitt","Vitellogenic MBFCs (Stg. 8) 3","-","-","-","-","-","-","-","-","-","-","8.12e-5","-","-","-","-","-","3.51e-2","-","-","-","-","-","-","-","-","-","-","-","8.3598","-","-","-","-","-","4.1799","-"
"Ovary_dm_32339165_Jevitt","Vitellogenic MBFCs (Stg. 8) 4","-","-","-","-","-","-","-","-","-","-","6.88e-6","1.58e-1","-","-","-","-","5.58e-3","-","-","-","-","-","-","-","-","-","-","-","9.8516","2.8147","-","-","-","-","5.6295","-"
"Ovary_dm_32339165_Jevitt","Vitellogenic MBFCs (Stg. 9-10A) 1","-","-","-","1.61e-1","-","-","-","-","-","-","3.88e-8","-","-","-","-","-","7.56e-4","1.61e-1","-","-","-","2.7866","-","-","-","-","-","-","12.5397","-","-","-","-","-","6.9665","2.7866"
"Ovary_dm_32339165_Jevitt","Vitellogenic MBFCs (Stg. 9-10A) 2","3.17e-2","-","-","1.61e-1","-","-","-","-","-","-","5.92e-12","-","5.78e-3","-","1.61e-1","7.56e-4","7.36e-6","-","4.3541","-","-","2.7866","-","-","-","-","-","-","16.7196","-","5.5732","-","2.7866","6.9665","9.7531","-"
"Ovary_dm_32339165_Jevitt","Vitellogenic MBFCs (Stg. 9-10A) 3","6.28e-4","-","-","1.61e-1","5.78e-3","-","-","-","-","5.78e-3","1.23e-10","-","5.78e-3","3.51e-2","3.51e-2","2.55e-13","3.51e-2","1.61e-1","7.2568","-","-","2.7866","5.5732","-","-","-","-","5.5732","15.3263","-","5.5732","4.1799","4.1799","18.1129","4.1799","2.7866"
"Ovary_dm_FCAvs2_10x","young germ cell","-","-","1.00e-25","-","-","1.61e-1","1.00e-25","-","-","-","-","1.00e-25","-","-","-","-","-","-","-","-","45.9789","-","-","2.7866","33.4392","-","-","-","-","73.8449","-","-","-","-","-","-"